Workbook

Sheet Útmutató
A1: Termék-ellenőrző táblázat – Quadris weboldal
A3: Mit mutat?
A4: A „Termékek” lapon a jelenleg KÉP NÉLKÜLI termékek vannak, soronként egy: van-e műszaki adata, honnan jött az adat, hol kerestük és hol nem találtuk.
A5: A „Beszállítók” lap beszállítónként összesíti a kép nélküli termékeket (képletekkel, a jelölések után is frissül).
A7: Mit kell kitölteni? (sárga oszlopok a „Termékek” lapon)
A8: C – TÖRÖLHETŐ: legördülőből „IGEN”, ha a terméket le lehet venni a weboldalról és mindenhonnan (katalógus, kereső, ajánlatkérő).
A9: D – Megjegyzés (Quadris): bármi, amit tudnunk kell – pl. „kép: a beszállító új katalógusában a 34. oldalon”, „helyes cikkszám: 7318”, „nem forgalmazzuk”.
A10: Példa: C = IGEN, D = „Kifutott termék, nem rendelhető.”
A11: A többi oszlopot kérjük, ne módosítsák – az S oszlop (azonosító) alapján olvassuk vissza a fájlt.
A13: Oszlopok jelentése
A14: Kép (db) / Műszaki adat (db): a weboldalon megjelenő képek és adatsorok száma.
A15: Állapot: Rendben / Nincs kép / Nincs adat / Nincs kép és adat (képlet a két számból).
... A22: Forrás: a weboldal adatai (src/data/catalog.json, termekadatok.json, bovitett.json) – generálva: scripts/termekadatok/ellenorzo_excel.py

Sheet Beszállítók
A1: Beszállító | B1: Kép nélküli termékek | C1: Ebből műszaki adat sincs | D1: Ebből van műszaki adat | E1: Kerestük? | F1: Hol kerestük | G1: Törlésre jelölve
A2: (nincs megadva) | B2: =COUNTIF(Termékek!$A$2:$A$288,A2) | C2: =COUNTIFS(Termékek!$A$2:$A$288,A2,Termékek!$M$2:$M$288,"Nincs kép és adat") | D2: =B2-C2 | E2: Nem | F2: Quadris-megnevezés (nincs beszállítói forrás) | G2: =COUNTIFS(Termékek!$A$2:$A$288,A2,Termékek!$C$2:$C$288,"IGEN")
A3: AC-RIU | B3: =COUNTIF(Termékek!$A$2:$A$288,A3) | C3: =COUNTIFS(Termékek!$A$2:$A$288,A3,Termékek!$M$2:$M$288,"Nincs kép és adat") | D3: =B3-C3 | E3: Nem | F3: – | G3: =COUNTIFS(Termékek!$A$2:$A$288,A3,Termékek!$C$2:$C$288,"IGEN")
A4: Allco | B4: =COUNTIF(Termékek!$A$2:$A$288,A4) | C4: =COUNTIFS(Termékek!$A$2:$A$288,A4,Termékek!$M$2:$M$288,"Nincs kép és adat") | D4: =B4-C4 | E4: Nem | F4: – | G4: =COUNTIFS(Termékek!$A$2:$A$288,A4,Termékek!$C$2:$C$288,"IGEN")
A5: ALSAP | B5: =COUNTIF(Termékek!$A$2:$A$288,A5) | C5: =COUNTIFS(Termékek!$A$2:$A$288,A5,Termékek!$M$2:$M$288,"Nincs kép és adat") | D5: =B5-C5 | E5: Nem | F5: – | G5: =COUNTIFS(Termékek!$A$2:$A$288,A5,Termékek!$C$2:$C$288,"IGEN")
A6: Alu-SV | B6: =COUNTIF(Termékek!$A$2:$A$288,A6) | C6: =COUNTIFS(Termékek!$A$2:$A$288,A6,Termékek!$M$2:$M$288,"Nincs kép és adat") | D6: =B6-C6 | E6: Igen | F6: alu-sv.com webáruház, keresés rendelési számra | G6: =COUNTIFS(Termékek!$A$2:$A$288,A6,Termékek!$C$2:$C$288,"IGEN")
A7: BODEGA | B7: =COUNTIF(Termékek!$A$2:$A$288,A7) | C7: =COUNTIFS(Termékek!$A$2:$A$288,A7,Termékek!$M$2:$M$288,"Nincs kép és adat") | D7: =B7-C7 | E7: Igen | F7: Bodega Bordwände katalógus 2010 (PDF); bodega.it oldaltérkép | G7: =COUNTIFS(Termékek!$A$2:$A$288,A7,Termékek!$C$2:$C$288,"IGEN")
A8: Car-Alu | B8: =COUNTIF(Termékek!$A$2:$A$288,A8) | C8: =COUNTIFS(Termékek!$A$2:$A$288,A8,Termékek!$M$2:$M$288,"Nincs kép és adat") | D8: =B8-C8 | E8: Igen | F8: caralushop.nl webshop | G8: =COUNTIFS(Termékek!$A$2:$A$288,A8,Termékek!$C$2:$C$288,"IGEN")
A9: Cargoframes Czech | B9: =COUNTIF(Termékek!$A$2:$A$288,A9) | C9: =COUNTIFS(Termékek!$A$2:$A$288,A9,Termékek!$M$2:$M$288,"Nincs kép és adat") | D9: =B9-C9 | E9: Igen | F9: cargoframes.eu oldaltérkép; Cargo Frames profilrajzok és műszaki lista (Quadris e-mail) | G9: =COUNTIFS(Termékek!$A$2:$A$288,A9,Termékek!$C$2:$C$288,"IGEN")
A10: Cimaplast | B10: =COUNTIF(Termékek!$A$2:$A$288,A10) | C10: =COUNTIFS(Termékek!$A$2:$A$288,A10,Termékek!$M$2:$M$288,"Nincs kép és adat") | D10: =B10-C10 | E10: Igen | F10: cimaplast.it kategóriaoldalak | G10: =COUNTIFS(Termékek!$A$2:$A$288,A10,Termékek!$C$2:$C$288,"IGEN")
A11: CNT conta | B11: =COUNTIF(Termékek!$A$2:$A$288,A11) | C11: =COUNTIFS(Termékek!$A$2:$A$288,A11,Termékek!$M$2:$M$288,"Nincs kép és adat") | D11: =B11-C11 | E11: Nem | F11: – | G11: =COUNTIFS(Termékek!$A$2:$A$288,A11,Termékek!$C$2:$C$288,"IGEN")
A12: Constellium Decin | B12: =COUNTIF(Termékek!$A$2:$A$288,A12) | C12: =COUNTIFS(Termékek!$A$2:$A$288,A12,Termékek!$M$2:$M$288,"Nincs kép és adat") | D12: =B12-C12 | E12: Igen | F12: alu-sv.com (a kód utolsó számjegyei); Ital Accessori katalógus; Drive: CONSTELLIUM DECIN Excel – nem letölthető (>10 MB) | G12: =COUNTIFS(Termékek!$A$2:$A$288,A12,Termékek!$C$2:$C$288,"IGEN")
A13: D.LaPorte | B13: =COUNTIF(Termékek!$A$2:$A$288,A13) | C13: =COUNTIFS(Termékek!$A$2:$A$288,A13,Termékek!$M$2:$M$288,"Nincs kép és adat") | D13: =B13-C13 | E13: Nem | F13: – | G13: =COUNTIFS(Termékek!$A$2:$A$288,A13,Termékek!$C$2:$C$288,"IGEN")
... A43: Westfalia | B43: =COUNTIF(Termékek!$A$2:$A$288,A43) | C43: =COUNTIFS(Termékek!$A$2:$A$288,A43,Termékek!$M$2:$M$288,"Nincs kép és adat") | D43: =B43-C43 | E43: Nem | F43: – | G43: =COUNTIFS(Termékek!$A$2:$A$288,A43,Termékek!$C$2:$C$288,"IGEN")
A44: Összesen | B44: =SUM(B2:B43) | C44: =SUM(C2:C43) | D44: =SUM(D2:D43) | G44: =SUM(G2:G43)

Sheet Termékek
A1: Beszállító | B1: Megnevezés | C1: TÖRÖLHETŐ | D1: Megjegyzés (Quadris) | E1: Quadris cikkszám | F1: Beszállítói kód | G1: Termékcsoport | H1: Kategória | I1: Eredet | J1: Kép (db) | K1: Műszaki adat (db) | L1: Leírás | M1: Állapot | N1: Kerestük? | O1: Hol kerestük | P1: Eredmény / hol nem találtuk | Q1: Adatforrás | R1: Weboldal | S1: Azonosító (slug)
A2: (nincs megadva) | B2: Bill. Rakonca 500 mm első J-B | E2: 351704 | G2: Billencs alkatrészek | H2: Billencs rakoncák | I2: Quadris Excel | J2: 0 | K2: 0 | L2: nincs | M2: =IF(AND(J2>0,K2>0),"Rendben",IF(AND(J2=0,K2=0),"Nincs kép és adat",IF(J2=0,"Nincs kép","Nincs adat"))) | N2: Nem | O2: Quadris-megnevezés (nincs beszállítói forrás) | P2: Nem kerestük – nincs ismert weboldal vagy katalógus | R2: https://website-9ib.pages.dev/termek/351704-bill-rakonca-500-mm-elso-j-b/ | S2: 351704-bill-rakonca-500-mm-elso-j-b
A3: (nincs megadva) | B3: Bill. Rakonca 500 mm hátsó J-B | E3: 351707 | G3: Billencs alkatrészek | H3: Billencs rakoncák | I3: Quadris Excel | J3: 0 | K3: 0 | L3: nincs | M3: =IF(AND(J3>0,K3>0),"Rendben",IF(AND(J3=0,K3=0),"Nincs kép és adat",IF(J3=0,"Nincs kép","Nincs adat"))) | N3: Nem | O3: Quadris-megnevezés (nincs beszállítói forrás) | P3: Nem kerestük – nincs ismert weboldal vagy katalógus | R3: https://website-9ib.pages.dev/termek/351707-bill-rakonca-500-mm-hatso-j-b/ | S3: 351707-bill-rakonca-500-mm-hatso-j-b
A4: (nincs megadva) | B4: Bill. Rakonca 500 mm középső | E4: 351706 | G4: Billencs alkatrészek | H4: Billencs rakoncák | I4: Quadris Excel | J4: 0 | K4: 0 | L4: nincs | M4: =IF(AND(J4>0,K4>0),"Rendben",IF(AND(J4=0,K4=0),"Nincs kép és adat",IF(J4=0,"Nincs kép","Nincs adat"))) | N4: Nem | O4: Quadris-megnevezés (nincs beszállítói forrás) | P4: Nem kerestük – nincs ismert weboldal vagy katalógus | R4: https://website-9ib.pages.dev/termek/351706-bill-rakonca-500-mm-kozepso/ | S4: 351706-bill-rakonca-500-mm-kozepso
A5: (nincs megadva) | B5: Perforál acél keret 27 mm vállal L: 7500 | E5: 147443/ST | G5: Billencs alkatrészek | H5: Billencs alkatrészek | I5: Quadris Excel | J5: 0 | K5: 0 | L5: nincs | M5: =IF(AND(J5>0,K5>0),"Rendben",IF(AND(J5=0,K5=0),"Nincs kép és adat",IF(J5=0,"Nincs kép","Nincs adat"))) | N5: Nem | O5: Quadris-megnevezés (nincs beszállítói forrás) | P5: Nem kerestük – nincs ismert weboldal vagy katalógus | R5: https://website-9ib.pages.dev/termek/147443-st-perforal-acel-keret-27-mm-vallal-l-7500/ | S5: 147443-st-perforal-acel-keret-27-mm-vallal-l-7500
A6: (nincs megadva) | B6: SP.41 Billencs KÖZÉPSŐ rakonca 400/120 mm | E6: 3510206 | F6: D010206 | G6: Billencs alkatrészek | H6: Billencs rakoncák | I6: Quadris Excel | J6: 0 | K6: 0 | L6: nincs | M6: =IF(AND(J6>0,K6>0),"Rendben",IF(AND(J6=0,K6=0),"Nincs kép és adat",IF(J6=0,"Nincs kép","Nincs adat"))) | N6: Nem | O6: Quadris-megnevezés (nincs beszállítói forrás) | P6: Nem kerestük – nincs ismert weboldal vagy katalógus | R6: https://website-9ib.pages.dev/termek/3510206-sp-41-billencs-kozepso-rakonca-400-120-mm/ | S6: 3510206-sp-41-billencs-kozepso-rakonca-400-120-mm
A7: (nincs megadva) | B7: SP.41 Billencs első rakonca 400/85 mm B | E7: 3510204 | F7: D010204 | G7: Billencs alkatrészek | H7: Billencs rakoncák | I7: Quadris Excel | J7: 0 | K7: 0 | L7: nincs | M7: =IF(AND(J7>0,K7>0),"Rendben",IF(AND(J7=0,K7=0),"Nincs kép és adat",IF(J7=0,"Nincs kép","Nincs adat"))) | N7: Nem | O7: Quadris-megnevezés (nincs beszállítói forrás) | P7: Nem kerestük – nincs ismert weboldal vagy katalógus | R7: https://website-9ib.pages.dev/termek/3510204-sp-41-billencs-elso-rakonca-400-85-mm-b/ | S7: 3510204-sp-41-billencs-elso-rakonca-400-85-mm-b
A8: (nincs megadva) | B8: SP.41 Billencs első rakonca 400/85 mm J | E8: 3510204 | F8: D010204 | G8: Billencs alkatrészek | H8: Billencs rakoncák | I8: Quadris Excel | J8: 0 | K8: 0 | L8: nincs | M8: =IF(AND(J8>0,K8>0),"Rendben",IF(AND(J8=0,K8=0),"Nincs kép és adat",IF(J8=0,"Nincs kép","Nincs adat"))) | N8: Nem | O8: Quadris-megnevezés (nincs beszállítói forrás) | P8: Nem kerestük – nincs ismert weboldal vagy katalógus | R8: https://website-9ib.pages.dev/termek/3510204-sp-41-billencs-elso-rakonca-400-85-mm-j/ | S8: 3510204-sp-41-billencs-elso-rakonca-400-85-mm-j
A9: (nincs megadva) | B9: SP.41 Billencs hátsó rakonca 400/120 mm B | E9: 3510207 | F9: D010207 | G9: Billencs alkatrészek | H9: Billencs rakoncák | I9: Quadris Excel | J9: 0 | K9: 0 | L9: nincs | M9: =IF(AND(J9>0,K9>0),"Rendben",IF(AND(J9=0,K9=0),"Nincs kép és adat",IF(J9=0,"Nincs kép","Nincs adat"))) | N9: Nem | O9: Quadris-megnevezés (nincs beszállítói forrás) | P9: Nem kerestük – nincs ismert weboldal vagy katalógus | R9: https://website-9ib.pages.dev/termek/3510207-sp-41-billencs-hatso-rakonca-400-120-mm-b/ | S9: 3510207-sp-41-billencs-hatso-rakonca-400-120-mm-b
A10: (nincs megadva) | B10: SP.41 Billencs hátsó rakonca 400/120 mm J | E10: 3510207 | F10: D010207 | G10: Billencs alkatrészek | H10: Billencs rakoncák | I10: Quadris Excel | J10: 0 | K10: 0 | L10: nincs | M10: =IF(AND(J10>0,K10>0),"Rendben",IF(AND(J10=0,K10=0),"Nincs kép és adat",IF(J10=0,"Nincs kép","Nincs adat"))) | N10: Nem | O10: Quadris-megnevezés (nincs beszállítói forrás) | P10: Nem kerestük – nincs ismert weboldal vagy katalógus | R10: https://website-9ib.pages.dev/termek/3510207-sp-41-billencs-hatso-rakonca-400-120-mm-j/ | S10: 3510207-sp-41-billencs-hatso-rakonca-400-120-mm-j
A11: (nincs megadva) | B11: Hátsó ajtó alu elox | G11: Hátsó ajtók és áthajtó rámpák | H11: 2 szárnyú | I11: Quadris Excel | J11: 0 | K11: 0 | L11: nincs | M11: =IF(AND(J11>0,K11>0),"Rendben",IF(AND(J11=0,K11=0),"Nincs kép és adat",IF(J11=0,"Nincs kép","Nincs adat"))) | N11: Nem | O11: Quadris-megnevezés (nincs beszállítói forrás) | P11: Nem kerestük – nincs ismert weboldal vagy katalógus | R11: https://website-9ib.pages.dev/termek/hatso-ajto-alu-elox/ | S11: hatso-ajto-alu-elox
A12: (nincs megadva) | B12: KIT Hűtős doboz | G12: Zárt-dobozos és hűtős profilok | H12: Felépítmény készletek | I12: Quadris Excel | J12: 0 | K12: 0 | L12: nincs | M12: =IF(AND(J12>0,K12>0),"Rendben",IF(AND(J12=0,K12=0),"Nincs kép és adat",IF(J12=0,"Nincs kép","Nincs adat"))) | N12: Nem | O12: Quadris-megnevezés (nincs beszállítói forrás) | P12: Nem kerestük – nincs ismert weboldal vagy katalógus | R12: https://website-9ib.pages.dev/termek/kit-hutos-doboz/ | S12: kit-hutos-doboz
A13: (nincs megadva) | B13: Zártdobozos felépítmény készlet | G13: Zárt-dobozos és hűtős profilok | H13: Felépítmény készletek | I13: Quadris Excel | J13: 0 | K13: 0 | L13: nincs | M13: =IF(AND(J13>0,K13>0),"Rendben",IF(AND(J13=0,K13=0),"Nincs kép és adat",IF(J13=0,"Nincs kép","Nincs adat"))) | N13: Nem | O13: Quadris-megnevezés (nincs beszállítói forrás) | P13: Nem kerestük – nincs ismert weboldal vagy katalógus | R13: https://website-9ib.pages.dev/termek/zartdobozos-felepitmeny-keszlet/ | S13: zartdobozos-felepitmeny-keszlet
A14: AC-RIU | B14: Ajtóhatároló fix konzol | E14: 026801 | F14: R026801 | G14: Dobozos felépítmény alkatrészek | H14: Ajtórögzítők | I14: Quadris Excel | J14: 0 | K14: 0 | L14: nincs | M14: =IF(AND(J14>0,K14>0),"Rendben",IF(AND(J14=0,K14=0),"Nincs kép és adat",IF(J14=0,"Nincs kép","Nincs adat"))) | N14: Nem | O14: – | P14: Nem kerestük – nincs ismert weboldal vagy katalógus | R14: https://website-9ib.pages.dev/termek/026801-ajtohatarolo-fix-konzol/ | S14: 026801-ajtohatarolo-fix-konzol
A15: AC-RIU | B15: Gumis ajtóhatároló 800kg | E15: 026822 | F15: R026822 | G15: Dobozos felépítmény alkatrészek | H15: Ajtórögzítők | I15: Quadris Excel | J15: 0 | K15: 0 | L15: nincs | M15: =IF(AND(J15>0,K15>0),"Rendben",IF(AND(J15=0,K15=0),"Nincs kép és adat",IF(J15=0,"Nincs kép","Nincs adat"))) | N15: Nem | O15: – | P15: Nem kerestük – nincs ismert weboldal vagy katalógus | R15: https://website-9ib.pages.dev/termek/026822-gumis-ajtohatarolo-800kg/ | S15: 026822-gumis-ajtohatarolo-800kg
A16: AC-RIU | B16: Műanyag zártakaró | E16: 052900 | F16: 7280 005-000 | G16: Speciális felépítmény alkatrészek | H16: Egyéb | I16: Quadris Excel | J16: 0 | K16: 0 | L16: nincs | M16: =IF(AND(J16>0,K16>0),"Rendben",IF(AND(J16=0,K16=0),"Nincs kép és adat",IF(J16=0,"Nincs kép","Nincs adat"))) | N16: Nem | O16: – | P16: Nem kerestük – nincs ismert weboldal vagy katalógus | R16: https://website-9ib.pages.dev/termek/052900-muanyag-zartakaro/ | S16: 052900-muanyag-zartakaro
A17: Allco | B17: "h" szegő 25 mm | E17: 222139/n | F17: 2139 | G17: Platós és ponyvás oldalfal profilok és szegők | H17: Szegő profilok | I17: Quadris Excel | J17: 0 | K17: 0 | L17: nincs | M17: =IF(AND(J17>0,K17>0),"Rendben",IF(AND(J17=0,K17=0),"Nincs kép és adat",IF(J17=0,"Nincs kép","Nincs adat"))) | N17: Nem | O17: – | P17: Nem kerestük – nincs ismert weboldal vagy katalógus | R17: https://website-9ib.pages.dev/termek/222139-n-h-szego-25-mm/ | S17: 222139-n-h-szego-25-mm
A18: Allco | B18: "h" szegő 25 mm elox | E18: 222139 | F18: 1700038 | G18: Platós és ponyvás oldalfal profilok és szegők | H18: Szegő profilok | I18: Quadris Excel | J18: 0 | K18: 0 | L18: nincs | M18: =IF(AND(J18>0,K18>0),"Rendben",IF(AND(J18=0,K18=0),"Nincs kép és adat",IF(J18=0,"Nincs kép","Nincs adat"))) | N18: Nem | O18: – | P18: Nem kerestük – nincs ismert weboldal vagy katalógus | R18: https://website-9ib.pages.dev/termek/222139-h-szego-25-mm-elox/ | S18: 222139-h-szego-25-mm-elox
A19: Allco | B19: "u" 25 mm szegő profil | E19: 222137/n | F19: 2137 | G19: Platós és ponyvás oldalfal profilok és szegők | H19: Szegő profilok | I19: Quadris Excel | J19: 0 | K19: 0 | L19: nincs | M19: =IF(AND(J19>0,K19>0),"Rendben",IF(AND(J19=0,K19=0),"Nincs kép és adat",IF(J19=0,"Nincs kép","Nincs adat"))) | N19: Nem | O19: – | P19: Nem kerestük – nincs ismert weboldal vagy katalógus | R19: https://website-9ib.pages.dev/termek/222137-n-u-25-mm-szego-profil/ | S19: 222137-n-u-25-mm-szego-profil
A20: Allco | B20: "u" 25 mm szegő profil elox | E20: 222137 | F20: 2137 | G20: Platós és ponyvás oldalfal profilok és szegők | H20: Szegő profilok | I20: Quadris Excel | J20: 0 | K20: 0 | L20: nincs | M20: =IF(AND(J20>0,K20>0),"Rendben",IF(AND(J20=0,K20=0),"Nincs kép és adat",IF(J20=0,"Nincs kép","Nincs adat"))) | N20: Nem | O20: – | P20: Nem kerestük – nincs ismert weboldal vagy katalógus | R20: https://website-9ib.pages.dev/termek/222137-u-25-mm-szego-profil-elox/ | S20: 222137-u-25-mm-szego-profil-elox
A21: Allco | B21: Alsó tömítéses 200 mm elox profil | E21: 226115 | F21: VZPN1747 | G21: Platós és ponyvás oldalfal profilok és szegők | H21: 25 mm vastag oldalfal rendszerek | I21: Quadris Excel | J21: 0 | K21: 0 | L21: nincs | M21: =IF(AND(J21>0,K21>0),"Rendben",IF(AND(J21=0,K21=0),"Nincs kép és adat",IF(J21=0,"Nincs kép","Nincs adat"))) | N21: Nem | O21: – | P21: Nem kerestük – nincs ismert weboldal vagy katalógus | R21: https://website-9ib.pages.dev/termek/226115-also-tomiteses-200-mm-elox-profil/ | S21: 226115-also-tomiteses-200-mm-elox-profil
A22: Allco | B22: Ponyvabeakasztó alu profil 70 mm elox | E22: 388005 | F22: T1.8005.1 | G22: Ponyvarendszer kiegészítők | H22: Ponyvafeszítő profilok és alkatrészei | I22: Quadris Excel | J22: 0 | K22: 0 | L22: nincs | M22: =IF(AND(J22>0,K22>0),"Rendben",IF(AND(J22=0,K22=0),"Nincs kép és adat",IF(J22=0,"Nincs kép","Nincs adat"))) | N22: Nem | O22: – | P22: Nem kerestük – nincs ismert weboldal vagy katalógus | R22: https://website-9ib.pages.dev/termek/388005-ponyvabeakaszto-alu-profil-70-mm-elox/ | S22: 388005-ponyvabeakaszto-alu-profil-70-mm-elox
A23: ALSAP | B23: AN "h" ajtószegő 30 mm elox | E23: 231309 | F23: 1309AN | G23: Zárt-dobozos és hűtős profilok | H23: Zárt-dobozos és hűtős profilok | I23: Quadris Excel | J23: 0 | K23: 0 | L23: nincs | M23: =IF(AND(J23>0,K23>0),"Rendben",IF(AND(J23=0,K23=0),"Nincs kép és adat",IF(J23=0,"Nincs kép","Nincs adat"))) | N23: Nem | O23: – | P23: Nem kerestük – nincs ismert weboldal vagy katalógus | R23: https://website-9ib.pages.dev/termek/231309-an-h-ajtoszego-30-mm-elox/ | S23: 231309-an-h-ajtoszego-30-mm-elox
A24: ALSAP | B24: AN Tömítéses ajtószegő 30 mm elox | E24: 231308 | F24: 1308AN | G24: Zárt-dobozos és hűtős profilok | H24: Zárt-dobozos és hűtős profilok | I24: Quadris Excel | J24: 0 | K24: 0 | L24: nincs | M24: =IF(AND(J24>0,K24>0),"Rendben",IF(AND(J24=0,K24=0),"Nincs kép és adat",IF(J24=0,"Nincs kép","Nincs adat"))) | N24: Nem | O24: – | P24: Nem kerestük – nincs ismert weboldal vagy katalógus | R24: https://website-9ib.pages.dev/termek/231308-an-tomiteses-ajtoszego-30-mm-elox/ | S24: 231308-an-tomiteses-ajtoszego-30-mm-elox
A25: ALSAP | B25: CS Tömítéses ajtószegő 25 mm elox | E25: 238066 | F25: 223132E | G25: Zárt-dobozos és hűtős profilok | H25: Zárt-dobozos és hűtős profilok | I25: Quadris Excel | J25: 0 | K25: 0 | L25: nincs | M25: =IF(AND(J25>0,K25>0),"Rendben",IF(AND(J25=0,K25=0),"Nincs kép és adat",IF(J25=0,"Nincs kép","Nincs adat"))) | N25: Nem | O25: – | P25: Nem kerestük – nincs ismert weboldal vagy katalógus | R25: https://website-9ib.pages.dev/termek/238066-cs-tomiteses-ajtoszego-25-mm-elox/ | S25: 238066-cs-tomiteses-ajtoszego-25-mm-elox
A26: ALSAP | B26: Tömítés a szegő profilhoz | E26: 238067 | F26: 220306 | G26: Zárt-dobozos és hűtős profilok | H26: Zárt-dobozos és hűtős profilok | I26: Quadris Excel | J26: 0 | K26: 0 | L26: nincs | M26: =IF(AND(J26>0,K26>0),"Rendben",IF(AND(J26=0,K26=0),"Nincs kép és adat",IF(J26=0,"Nincs kép","Nincs adat"))) | N26: Nem | O26: – | P26: Nem kerestük – nincs ismert weboldal vagy katalógus | R26: https://website-9ib.pages.dev/termek/238067-tomites-a-szego-profilhoz/ | S26: 238067-tomites-a-szego-profilhoz
A27: Alu-SV | B27: Alu rakonca Top-kuplung | E27: 351155 | G27: Acél és alu rakoncák és szegők | H27: Alumínium rakoncák | I27: Quadris Excel | J27: 0 | K27: 0 | L27: nincs | M27: =IF(AND(J27>0,K27>0),"Rendben",IF(AND(J27=0,K27=0),"Nincs kép és adat",IF(J27=0,"Nincs kép","Nincs adat"))) | N27: Igen | O27: alu-sv.com webáruház, keresés rendelési számra | P27: Nem találtuk: alu-sv.com webáruház, keresés rendelési számra | R27: https://website-9ib.pages.dev/termek/351155-alu-rakonca-top-kuplung/ | S27: 351155-alu-rakonca-top-kuplung
A28: Alu-SV | B28: Alu rakonca magasító elox | E28: 351142 | F28: 62K113542B | G28: Acél és alu rakoncák és szegők | H28: Alumínium rakoncák | I28: Quadris Excel | J28: 0 | K28: 0 | L28: nincs | M28: =IF(AND(J28>0,K28>0),"Rendben",IF(AND(J28=0,K28=0),"Nincs kép és adat",IF(J28=0,"Nincs kép","Nincs adat"))) | N28: Igen | O28: alu-sv.com webáruház, keresés rendelési számra | P28: Nem találtuk: alu-sv.com webáruház, keresés rendelési számra | R28: https://website-9ib.pages.dev/termek/351142-alu-rakonca-magasito-elox/ | S28: 351142-alu-rakonca-magasito-elox
A29: Alu-SV | B29: KG hátsó alu szegőprofil elox | E29: 357271 | F29: 110900 | G29: Acél és alu rakoncák és szegők | H29: Alumínium rakoncák | I29: Quadris Excel | J29: 0 | K29: 0 | L29: nincs | M29: =IF(AND(J29>0,K29>0),"Rendben",IF(AND(J29=0,K29=0),"Nincs kép és adat",IF(J29=0,"Nincs kép","Nincs adat"))) | N29: Igen | O29: alu-sv.com webáruház, keresés rendelési számra | P29: Nem találtuk: alu-sv.com webáruház, keresés rendelési számra | R29: https://website-9ib.pages.dev/termek/357271-kg-hatso-alu-szegoprofil-elox/ | S29: 357271-kg-hatso-alu-szegoprofil-elox
A30: Alu-SV | B30: KG oldalsó alu szegő profil elox | E30: 357270 | F30: 110827 | G30: Acél és alu rakoncák és szegők | H30: Alumínium rakoncák | I30: Quadris Excel | J30: 0 | K30: 0 | L30: nincs | M30: =IF(AND(J30>0,K30>0),"Rendben",IF(AND(J30=0,K30=0),"Nincs kép és adat",IF(J30=0,"Nincs kép","Nincs adat"))) | N30: Igen | O30: alu-sv.com webáruház, keresés rendelési számra | P30: Nem találtuk: alu-sv.com webáruház, keresés rendelési számra | R30: https://website-9ib.pages.dev/termek/357270-kg-oldalso-alu-szego-profil-elox/ | S30: 357270-kg-oldalso-alu-szego-profil-elox
A31: Alu-SV | B31: Dupla görgős gumiütköző 222x115 | E31: 502502 | F31: 55322251 | G31: Dobozos felépítmény alkatrészek | H31: Gumiütközők | I31: Quadris Excel | J31: 0 | K31: 0 | L31: nincs | M31: =IF(AND(J31>0,K31>0),"Rendben",IF(AND(J31=0,K31=0),"Nincs kép és adat",IF(J31=0,"Nincs kép","Nincs adat"))) | N31: Igen | O31: alu-sv.com webáruház, keresés rendelési számra | P31: Nem találtuk: alu-sv.com webáruház, keresés rendelési számra | R31: https://website-9ib.pages.dev/termek/502502-dupla-gorgos-gumiutkozo-222x115/ | S31: 502502-dupla-gorgos-gumiutkozo-222x115
A32: Alu-SV | B32: Szimpla görgős gumiütköző/D100/118 | E32: 502501 | F32: 55322252 | G32: Dobozos felépítmény alkatrészek | H32: Gumiütközők | I32: Quadris Excel | J32: 0 | K32: 0 | L32: nincs | M32: =IF(AND(J32>0,K32>0),"Rendben",IF(AND(J32=0,K32=0),"Nincs kép és adat",IF(J32=0,"Nincs kép","Nincs adat"))) | N32: Igen | O32: alu-sv.com webáruház, keresés rendelési számra | P32: Nem találtuk: alu-sv.com webáruház, keresés rendelési számra | R32: https://website-9ib.pages.dev/termek/502501-szimpla-gorgos-gumiutkozo-d100-118/ | S32: 502501-szimpla-gorgos-gumiutkozo-d100-118
A33: Alu-SV | B33: Öntött sarokelem | E33: 103654 | G33: Dobozos felépítmény alkatrészek | H33: Egyéb dobozos felépítmény tartozékok | I33: Quadris Excel | J33: 0 | K33: 0 | L33: nincs | M33: =IF(AND(J33>0,K33>0),"Rendben",IF(AND(J33=0,K33=0),"Nincs kép és adat",IF(J33=0,"Nincs kép","Nincs adat"))) | N33: Igen | O33: alu-sv.com webáruház, keresés rendelési számra | P33: Nem találtuk: alu-sv.com webáruház, keresés rendelési számra | R33: https://website-9ib.pages.dev/termek/103654-ontott-sarokelem/ | S33: 103654-ontott-sarokelem
A34: Alu-SV | B34: MAX-os első elox oszlop 3000 mm | E34: 66177147 | F34: 66OP177147 | G34: Elhúzható rolóponyvás rendszer | H34: Alumínium sarok oszlopok | I34: Quadris Excel | J34: 0 | K34: 0 | L34: nincs | M34: =IF(AND(J34>0,K34>0),"Rendben",IF(AND(J34=0,K34=0),"Nincs kép és adat",IF(J34=0,"Nincs kép","Nincs adat"))) | N34: Igen | O34: alu-sv.com webáruház, keresés rendelési számra | P34: Nem találtuk: alu-sv.com webáruház, keresés rendelési számra | R34: https://website-9ib.pages.dev/termek/66177147-max-os-elso-elox-oszlop-3000-mm/ | S34: 66177147-max-os-elso-elox-oszlop-3000-mm
A35: Alu-SV | B35: MAX-os első elox oszlop 3150 mm | E35: 66177137 | F35: 66OP177137 | G35: Elhúzható rolóponyvás rendszer | H35: Alumínium sarok oszlopok | I35: Quadris Excel | J35: 0 | K35: 0 | L35: nincs | M35: =IF(AND(J35>0,K35>0),"Rendben",IF(AND(J35=0,K35=0),"Nincs kép és adat",IF(J35=0,"Nincs kép","Nincs adat"))) | N35: Igen | O35: alu-sv.com webáruház, keresés rendelési számra | P35: Nem találtuk: alu-sv.com webáruház, keresés rendelési számra | R35: https://website-9ib.pages.dev/termek/66177137-max-os-elso-elox-oszlop-3150-mm/ | S35: 66177137-max-os-elso-elox-oszlop-3150-mm
A36: Alu-SV | B36: MAX-os első elox oszlop 3300 mm | E36: 66177300 | F36: 66OP177127 | G36: Elhúzható rolóponyvás rendszer | H36: Alumínium sarok oszlopok | I36: Quadris Excel | J36: 0 | K36: 0 | L36: nincs | M36: =IF(AND(J36>0,K36>0),"Rendben",IF(AND(J36=0,K36=0),"Nincs kép és adat",IF(J36=0,"Nincs kép","Nincs adat"))) | N36: Igen | O36: alu-sv.com webáruház, keresés rendelési számra | P36: Nem találtuk: alu-sv.com webáruház, keresés rendelési számra | R36: https://website-9ib.pages.dev/termek/66177300-max-os-elso-elox-oszlop-3300-mm/ | S36: 66177300-max-os-elso-elox-oszlop-3300-mm
A37: Alu-SV | B37: MAX-os hátsó elox oszlop 3000 mm | E37: 6635245 | F37: 66OZ035245 | G37: Elhúzható rolóponyvás rendszer | H37: Alumínium sarok oszlopok | I37: Quadris Excel | J37: 0 | K37: 0 | L37: nincs | M37: =IF(AND(J37>0,K37>0),"Rendben",IF(AND(J37=0,K37=0),"Nincs kép és adat",IF(J37=0,"Nincs kép","Nincs adat"))) | N37: Igen | O37: alu-sv.com webáruház, keresés rendelési számra | P37: Nem találtuk: alu-sv.com webáruház, keresés rendelési számra | R37: https://website-9ib.pages.dev/termek/6635245-max-os-hatso-elox-oszlop-3000-mm/ | S37: 6635245-max-os-hatso-elox-oszlop-3000-mm
A38: Alu-SV | B38: MAX-os hátsó elox oszlop 3300 mm | E38: 6635300 | F38: 66OZ035265 | G38: Elhúzható rolóponyvás rendszer | H38: Alumínium sarok oszlopok | I38: Quadris Excel | J38: 0 | K38: 0 | L38: nincs | M38: =IF(AND(J38>0,K38>0),"Rendben",IF(AND(J38=0,K38=0),"Nincs kép és adat",IF(J38=0,"Nincs kép","Nincs adat"))) | N38: Igen | O38: alu-sv.com webáruház, keresés rendelési számra | P38: Nem találtuk: alu-sv.com webáruház, keresés rendelési számra | R38: https://website-9ib.pages.dev/termek/6635300-max-os-hatso-elox-oszlop-3300-mm/ | S38: 6635300-max-os-hatso-elox-oszlop-3300-mm
A39: Alu-SV | B39: MINI első FLAT alu oszlop elox | E39: 6613576 | F39: 6612013576 | G39: Elhúzható rolóponyvás rendszer | H39: Alumínium sarok oszlopok | I39: Quadris Excel | J39: 0 | K39: 0 | L39: nincs | M39: =IF(AND(J39>0,K39>0),"Rendben",IF(AND(J39=0,K39=0),"Nincs kép és adat",IF(J39=0,"Nincs kép","Nincs adat"))) | N39: Igen | O39: alu-sv.com webáruház, keresés rendelési számra | P39: Nem találtuk: alu-sv.com webáruház, keresés rendelési számra | R39: https://website-9ib.pages.dev/termek/6613576-mini-elso-flat-alu-oszlop-elox/ | S39: 6613576-mini-elso-flat-alu-oszlop-elox
A40: Alu-SV | B40: 3515P23 Alumínium zár ellendarab UNI elox | F40: 2ZSB3 | G40: Platós alkatrészek és kiegészítők | H40: Z-Zárak | I40: Quadris Excel | J40: 0 | K40: 0 | L40: nincs | M40: =IF(AND(J40>0,K40>0),"Rendben",IF(AND(J40=0,K40=0),"Nincs kép és adat",IF(J40=0,"Nincs kép","Nincs adat"))) | N40: Igen | O40: alu-sv.com webáruház, keresés rendelési számra | P40: Nem találtuk: alu-sv.com webáruház, keresés rendelési számra | R40: https://website-9ib.pages.dev/termek/3515p23-aluminium-zar-ellendarab-uni-elox/ | S40: 3515p23-aluminium-zar-ellendarab-uni-elox
A41: Alu-SV | B41: Kötőelem csavar | E41: 117773 | F41: 117773 | G41: Platós alkatrészek és kiegészítők | H41: Kötőelemek | I41: Quadris Excel | J41: 0 | K41: 0 | L41: nincs | M41: =IF(AND(J41>0,K41>0),"Rendben",IF(AND(J41=0,K41=0),"Nincs kép és adat",IF(J41=0,"Nincs kép","Nincs adat"))) | N41: Igen | O41: alu-sv.com webáruház, keresés rendelési számra | P41: Nem találtuk: alu-sv.com webáruház, keresés rendelési számra | R41: https://website-9ib.pages.dev/termek/117773-kotoelem-csavar/ | S41: 117773-kotoelem-csavar
A42: Alu-SV | B42: 30 mm "u" Szegő profil | E42: 226915/n | F42: 6915 | G42: Platós és ponyvás oldalfal profilok és szegők | H42: Szegő profilok | I42: Quadris Excel | J42: 0 | K42: 0 | L42: nincs | M42: =IF(AND(J42>0,K42>0),"Rendben",IF(AND(J42=0,K42=0),"Nincs kép és adat",IF(J42=0,"Nincs kép","Nincs adat"))) | N42: Igen | O42: alu-sv.com webáruház, keresés rendelési számra | P42: Nem találtuk: alu-sv.com webáruház, keresés rendelési számra | R42: https://website-9ib.pages.dev/termek/226915-n-30-mm-u-szego-profil/ | S42: 226915-n-30-mm-u-szego-profil
A43: Alu-SV | B43: Gyűrűs rakományrögzítő 400 daN D40 | E43: 121206 | F43: 2301206 | G43: Rakományrögzítés | H43: Rakományrögzítés | I43: Quadris Excel | J43: 0 | K43: 0 | L43: nincs | M43: =IF(AND(J43>0,K43>0),"Rendben",IF(AND(J43=0,K43=0),"Nincs kép és adat",IF(J43=0,"Nincs kép","Nincs adat"))) | N43: Igen | O43: alu-sv.com webáruház, keresés rendelési számra | P43: Nem találtuk: alu-sv.com webáruház, keresés rendelési számra | R43: https://website-9ib.pages.dev/termek/121206-gyurus-rakomanyrogzito-400-dan-d40/ | S43: 121206-gyurus-rakomanyrogzito-400-dan-d40
A44: Alu-SV | B44: Kombi ponyvatartó rakományrögzítő sín - acél | E44: 1263935 | F44: 226030093500 | G44: Rakományrögzítés | H44: Rakományrögzítés | I44: Quadris Excel | J44: 0 | K44: 0 | L44: nincs | M44: =IF(AND(J44>0,K44>0),"Rendben",IF(AND(J44=0,K44=0),"Nincs kép és adat",IF(J44=0,"Nincs kép","Nincs adat"))) | N44: Igen | O44: alu-sv.com webáruház, keresés rendelési számra | P44: Nem találtuk: alu-sv.com webáruház, keresés rendelési számra | R44: https://website-9ib.pages.dev/termek/1263935-kombi-ponyvatarto-rakomanyrogzito-sin-acel/ | S44: 1263935-kombi-ponyvatarto-rakomanyrogzito-sin-acel
A45: Alu-SV | B45: Pálcás rakományrögzítő sín sülly.- alu/5m | E45: 127159 | G45: Rakományrögzítés | H45: Rakományrögzítés | I45: Quadris Excel | J45: 0 | K45: 0 | L45: nincs | M45: =IF(AND(J45>0,K45>0),"Rendben",IF(AND(J45=0,K45=0),"Nincs kép és adat",IF(J45=0,"Nincs kép","Nincs adat"))) | N45: Igen | O45: alu-sv.com webáruház, keresés rendelési számra | P45: Nem találtuk: alu-sv.com webáruház, keresés rendelési számra | R45: https://website-9ib.pages.dev/termek/127159-palcas-rakomanyrogzito-sin-sully-alu-5m/ | S45: 127159-palcas-rakomanyrogzito-sin-sully-alu-5m
A46: Alu-SV | B46: Rakományrögzítő kengyel 1000 dAN P | E46: 122000 | F46: 3U2000 | G46: Rakományrögzítés | H46: Rakományrögzítés | I46: Quadris Excel | J46: 0 | K46: 0 | L46: nincs | M46: =IF(AND(J46>0,K46>0),"Rendben",IF(AND(J46=0,K46=0),"Nincs kép és adat",IF(J46=0,"Nincs kép","Nincs adat"))) | N46: Igen | O46: alu-sv.com webáruház, keresés rendelési számra | P46: Nem találtuk: alu-sv.com webáruház, keresés rendelési számra | R46: https://website-9ib.pages.dev/termek/122000-rakomanyrogzito-kengyel-1000-dan-p/ | S46: 122000-rakomanyrogzito-kengyel-1000-dan-p
A47: Alu-SV | B47: Süllyesztett Airline sín alu 3000mm | E47: 122263 | F47: 2171226300 | G47: Rakományrögzítés | H47: Rakományrögzítés | I47: Quadris Excel | J47: 0 | K47: 0 | L47: nincs | M47: =IF(AND(J47>0,K47>0),"Rendben",IF(AND(J47=0,K47=0),"Nincs kép és adat",IF(J47=0,"Nincs kép","Nincs adat"))) | N47: Igen | O47: alu-sv.com webáruház, keresés rendelési számra | P47: Nem találtuk: alu-sv.com webáruház, keresés rendelési számra | R47: https://website-9ib.pages.dev/termek/122263-sullyesztett-airline-sin-alu-3000mm/ | S47: 122263-sullyesztett-airline-sin-alu-3000mm
A48: Alu-SV | B48: B Tömítéses ajtószegő 25 mm | E48: 231726/n | F48: 1317 260-000 | G48: Zárt-dobozos és hűtős profilok | H48: Zárt-dobozos és hűtős profilok | I48: Quadris Excel | J48: 0 | K48: 0 | L48: nincs | M48: =IF(AND(J48>0,K48>0),"Rendben",IF(AND(J48=0,K48=0),"Nincs kép és adat",IF(J48=0,"Nincs kép","Nincs adat"))) | N48: Igen | O48: alu-sv.com webáruház, keresés rendelési számra | P48: Nem találtuk: alu-sv.com webáruház, keresés rendelési számra | R48: https://website-9ib.pages.dev/termek/231726-n-b-tomiteses-ajtoszego-25-mm/ | S48: 231726-n-b-tomiteses-ajtoszego-25-mm
A49: Alu-SV | B49: Esőcsatorna elox nagy 7500 | E49: 233176 | G49: Zárt-dobozos és hűtős profilok | H49: Zárt-dobozos és hűtős profilok | I49: Quadris Excel | J49: 0 | K49: 0 | L49: nincs | M49: =IF(AND(J49>0,K49>0),"Rendben",IF(AND(J49=0,K49=0),"Nincs kép és adat",IF(J49=0,"Nincs kép","Nincs adat"))) | N49: Igen | O49: alu-sv.com webáruház, keresés rendelési számra | P49: Nem találtuk: alu-sv.com webáruház, keresés rendelési számra | R49: https://website-9ib.pages.dev/termek/233176-esocsatorna-elox-nagy-7500/ | S49: 233176-esocsatorna-elox-nagy-7500
A50: BODEGA | B50: 15 mm Keretprofil elox | E50: 2015290 | F50: TB50290 | G50: Alumínium alváz profilok | H50: Keret profilok | I50: Quadris Excel | J50: 0 | K50: 0 | L50: nincs | M50: =IF(AND(J50>0,K50>0),"Rendben",IF(AND(J50=0,K50=0),"Nincs kép és adat",IF(J50=0,"Nincs kép","Nincs adat"))) | N50: Igen | O50: Bodega Bordwände katalógus 2010 (PDF); bodega.it oldaltérkép | P50: Nem találtuk: Bodega Bordwände katalógus 2010 (PDF); bodega.it oldaltérkép | R50: https://website-9ib.pages.dev/termek/2015290-15-mm-keretprofil-elox/ | S50: 2015290-15-mm-keretprofil-elox
A51: BODEGA | B51: 18 mm Keretprofil elox | E51: 2018290 | F51: TB50042 | G51: Alumínium alváz profilok | H51: Keret profilok | I51: Quadris Excel | J51: 0 | K51: 0 | L51: nincs | M51: =IF(AND(J51>0,K51>0),"Rendben",IF(AND(J51=0,K51=0),"Nincs kép és adat",IF(J51=0,"Nincs kép","Nincs adat"))) | N51: Igen | O51: Bodega Bordwände katalógus 2010 (PDF); bodega.it oldaltérkép | P51: Nem találtuk: Bodega Bordwände katalógus 2010 (PDF); bodega.it oldaltérkép | R51: https://website-9ib.pages.dev/termek/2018290-18-mm-keretprofil-elox/ | S51: 2018290-18-mm-keretprofil-elox
A52: BODEGA | B52: Padló profil 200 mm | E52: 226821/21 | F52: TB48968 | G52: Alumínium padló profilok | H52: Padló profilok | I52: Quadris Excel | J52: 0 | K52: 0 | L52: nincs | M52: =IF(AND(J52>0,K52>0),"Rendben",IF(AND(J52=0,K52=0),"Nincs kép és adat",IF(J52=0,"Nincs kép","Nincs adat"))) | N52: Igen | O52: Bodega Bordwände katalógus 2010 (PDF); bodega.it oldaltérkép | P52: Nem találtuk: Bodega Bordwände katalógus 2010 (PDF); bodega.it oldaltérkép | R52: https://website-9ib.pages.dev/termek/226821-21-padlo-profil-200-mm/ | S52: 226821-21-padlo-profil-200-mm
A53: BODEGA | B53: "u" 35 mm szegő profil | E53: 225455/n | F53: TB54550 | G53: Platós és ponyvás oldalfal profilok és szegők | H53: Szegő profilok | I53: Quadris Excel | J53: 0 | K53: 0 | L53: nincs | M53: =IF(AND(J53>0,K53>0),"Rendben",IF(AND(J53=0,K53=0),"Nincs kép és adat",IF(J53=0,"Nincs kép","Nincs adat"))) | N53: Igen | O53: Bodega Bordwände katalógus 2010 (PDF); bodega.it oldaltérkép | P53: Nem találtuk: Bodega Bordwände katalógus 2010 (PDF); bodega.it oldaltérkép | R53: https://website-9ib.pages.dev/termek/225455-n-u-35-mm-szego-profil/ | S53: 225455-n-u-35-mm-szego-profil
A54: BODEGA | B54: "u" 35 mm szegő profil elox | E54: 225455 | F54: TB54550 | G54: Platós és ponyvás oldalfal profilok és szegők | H54: Szegő profilok | I54: Quadris Excel | J54: 0 | K54: 0 | L54: nincs | M54: =IF(AND(J54>0,K54>0),"Rendben",IF(AND(J54=0,K54=0),"Nincs kép és adat",IF(J54=0,"Nincs kép","Nincs adat"))) | N54: Igen | O54: Bodega Bordwände katalógus 2010 (PDF); bodega.it oldaltérkép | P54: Nem találtuk: Bodega Bordwände katalógus 2010 (PDF); bodega.it oldaltérkép | R54: https://website-9ib.pages.dev/termek/225455-u-35-mm-szego-profil-elox/ | S54: 225455-u-35-mm-szego-profil-elox
A55: BODEGA | B55: 400 mm gumis oldalfal elox | E55: 226671 | F55: TB36671 | G55: Platós és ponyvás oldalfal profilok és szegők | H55: 25 mm monó profilok | I55: Quadris Excel | J55: 0 | K55: 0 | L55: nincs | M55: =IF(AND(J55>0,K55>0),"Rendben",IF(AND(J55=0,K55=0),"Nincs kép és adat",IF(J55=0,"Nincs kép","Nincs adat"))) | N55: Igen | O55: Bodega Bordwände katalógus 2010 (PDF); bodega.it oldaltérkép | P55: Nem találtuk: Bodega Bordwände katalógus 2010 (PDF); bodega.it oldaltérkép | R55: https://website-9ib.pages.dev/termek/226671-400-mm-gumis-oldalfal-elox/ | S55: 226671-400-mm-gumis-oldalfal-elox
A56: BODEGA | B56: 400 mm peremes gumis oldalfal elox | E56: 226795 | F56: TB36795 | G56: Platós és ponyvás oldalfal profilok és szegők | H56: 25 mm monó profilok | I56: Quadris Excel | J56: 0 | K56: 0 | L56: nincs | M56: =IF(AND(J56>0,K56>0),"Rendben",IF(AND(J56=0,K56=0),"Nincs kép és adat",IF(J56=0,"Nincs kép","Nincs adat"))) | N56: Igen | O56: Bodega Bordwände katalógus 2010 (PDF); bodega.it oldaltérkép | P56: Nem találtuk: Bodega Bordwände katalógus 2010 (PDF); bodega.it oldaltérkép | R56: https://website-9ib.pages.dev/termek/226795-400-mm-peremes-gumis-oldalfal-elox/ | S56: 226795-400-mm-peremes-gumis-oldalfal-elox
A57: BODEGA | B57: Felső 200 mm elox profil B | E57: 226113 | F57: TB36113 | G57: Platós és ponyvás oldalfal profilok és szegők | H57: 25 mm vastag oldalfal rendszerek | I57: Quadris Excel | J57: 0 | K57: 0 | L57: nincs | M57: =IF(AND(J57>0,K57>0),"Rendben",IF(AND(J57=0,K57=0),"Nincs kép és adat",IF(J57=0,"Nincs kép","Nincs adat"))) | N57: Igen | O57: Bodega Bordwände katalógus 2010 (PDF); bodega.it oldaltérkép | P57: Nem találtuk: Bodega Bordwände katalógus 2010 (PDF); bodega.it oldaltérkép | R57: https://website-9ib.pages.dev/termek/226113-felso-200-mm-elox-profil-b/ | S57: 226113-felso-200-mm-elox-profil-b
A58: BODEGA | B58: Köztes 200 mm elox profil B | E58: 226114 | F58: TB36114 | G58: Platós és ponyvás oldalfal profilok és szegők | H58: 25 mm vastag oldalfal rendszerek | I58: Quadris Excel | J58: 0 | K58: 0 | L58: nincs | M58: =IF(AND(J58>0,K58>0),"Rendben",IF(AND(J58=0,K58=0),"Nincs kép és adat",IF(J58=0,"Nincs kép","Nincs adat"))) | N58: Igen | O58: Bodega Bordwände katalógus 2010 (PDF); bodega.it oldaltérkép | P58: Nem találtuk: Bodega Bordwände katalógus 2010 (PDF); bodega.it oldaltérkép | R58: https://website-9ib.pages.dev/termek/226114-koztes-200-mm-elox-profil-b/ | S58: 226114-koztes-200-mm-elox-profil-b
A59: BODEGA | B59: Köztes 250 mm elox profil | E59: 225040 | F59: TB50040 | G59: Platós és ponyvás oldalfal profilok és szegők | H59: 25 mm vastag oldalfal rendszerek | I59: Quadris Excel | J59: 0 | K59: 0 | L59: nincs | M59: =IF(AND(J59>0,K59>0),"Rendben",IF(AND(J59=0,K59=0),"Nincs kép és adat",IF(J59=0,"Nincs kép","Nincs adat"))) | N59: Igen | O59: Bodega Bordwände katalógus 2010 (PDF); bodega.it oldaltérkép | P59: Nem találtuk: Bodega Bordwände katalógus 2010 (PDF); bodega.it oldaltérkép | R59: https://website-9ib.pages.dev/termek/225040-koztes-250-mm-elox-profil/ | S59: 225040-koztes-250-mm-elox-profil
A60: BODEGA | B60: Köztes 250 mm profil | E60: 225040/n | F60: TB50040 | G60: Platós és ponyvás oldalfal profilok és szegők | H60: 25 mm vastag oldalfal rendszerek | I60: Quadris Excel | J60: 0 | K60: 0 | L60: nincs | M60: =IF(AND(J60>0,K60>0),"Rendben",IF(AND(J60=0,K60=0),"Nincs kép és adat",IF(J60=0,"Nincs kép","Nincs adat"))) | N60: Igen | O60: Bodega Bordwände katalógus 2010 (PDF); bodega.it oldaltérkép | P60: Nem találtuk: Bodega Bordwände katalógus 2010 (PDF); bodega.it oldaltérkép | R60: https://website-9ib.pages.dev/termek/225040-n-koztes-250-mm-profil/ | S60: 225040-n-koztes-250-mm-profil
A61: BODEGA | B61: Köztes ponyvás 200 mm elox profil B | E61: 226253 | F61: TB36253 | G61: Platós és ponyvás oldalfal profilok és szegők | H61: 25 mm vastag oldalfal rendszerek | I61: Quadris Excel | J61: 0 | K61: 0 | L61: nincs | M61: =IF(AND(J61>0,K61>0),"Rendben",IF(AND(J61=0,K61=0),"Nincs kép és adat",IF(J61=0,"Nincs kép","Nincs adat"))) | N61: Igen | O61: Bodega Bordwände katalógus 2010 (PDF); bodega.it oldaltérkép | P61: Nem találtuk: Bodega Bordwände katalógus 2010 (PDF); bodega.it oldaltérkép | R61: https://website-9ib.pages.dev/termek/226253-koztes-ponyvas-200-mm-elox-profil-b/ | S61: 226253-koztes-ponyvas-200-mm-elox-profil-b
... A63: BODEGA | B63: Spitz profil 150 mm magas T | E63: 222005 | F63: T1.2005.0 | G63: Ponyvarendszer kiegészítők | H63: Spitzprofilok | I63: Quadris Excel | J63: 0 | K63: 0 | L63: nincs | M63: =IF(AND(J63>0,K63>0),"Rendben",IF(AND(J63=0,K63=0),"Nincs kép és adat",IF(J63=0,"Nincs kép","Nincs adat"))) | N63: Igen | O63: Bodega Bordwände katalógus 2010 (PDF); bodega.it oldaltérkép | P63: Nem találtuk: Bodega Bordwände katalógus 2010 (PDF); bodega.it oldaltérkép | R63: https://website-9ib.pages.dev/termek/222005-spitz-profil-150-mm-magas-t/ | S63: 222005-spitz-profil-150-mm-magas-t
A64: BODEGA | B64: 25x35 mm Speciális tető profil | E64: 235427 | G64: Zárt-dobozos és hűtős profilok | H64: Zárt-dobozos és hűtős profilok | I64: Quadris Excel | J64: 0 | K64: 0 | L64: nincs | M64: =IF(AND(J64>0,K64>0),"Rendben",IF(AND(J64=0,K64=0),"Nincs kép és adat",IF(J64=0,"Nincs kép","Nincs adat"))) | N64: Igen | O64: Bodega Bordwände katalógus 2010 (PDF); bodega.it oldaltérkép | P64: Nem találtuk: Bodega Bordwände katalógus 2010 (PDF); bodega.it oldaltérkép | R64: https://website-9ib.pages.dev/termek/235427-25x35-mm-specialis-teto-profil/ | S64: 235427-25x35-mm-specialis-teto-profil
A65: BODEGA | B65: 25x35 mm Speciális tető profil elox IH | E65: 235339 | F65: TB50339 | G65: Zárt-dobozos és hűtős profilok | H65: Zárt-dobozos és hűtős profilok | I65: Quadris Excel | J65: 0 | K65: 0 | L65: nincs | M65: =IF(AND(J65>0,K65>0),"Rendben",IF(AND(J65=0,K65=0),"Nincs kép és adat",IF(J65=0,"Nincs kép","Nincs adat"))) | N65: Igen | O65: Bodega Bordwände katalógus 2010 (PDF); bodega.it oldaltérkép | P65: Nem találtuk: Bodega Bordwände katalógus 2010 (PDF); bodega.it oldaltérkép | R65: https://website-9ib.pages.dev/termek/235339-25x35-mm-specialis-teto-profil-elox-ih/ | S65: 235339-25x35-mm-specialis-teto-profil-elox-ih
A66: BODEGA | B66: 35x35 mm Speciális tető profil elox HT | E66: 2346457 | F66: TB46457 | G66: Zárt-dobozos és hűtős profilok | H66: Zárt-dobozos és hűtős profilok | I66: Quadris Excel | J66: 0 | K66: 0 | L66: nincs | M66: =IF(AND(J66>0,K66>0),"Rendben",IF(AND(J66=0,K66=0),"Nincs kép és adat",IF(J66=0,"Nincs kép","Nincs adat"))) | N66: Igen | O66: Bodega Bordwände katalógus 2010 (PDF); bodega.it oldaltérkép | P66: Nem találtuk: Bodega Bordwände katalógus 2010 (PDF); bodega.it oldaltérkép | R66: https://website-9ib.pages.dev/termek/2346457-35x35-mm-specialis-teto-profil-elox-ht/ | S66: 2346457-35x35-mm-specialis-teto-profil-elox-ht
A67: BODEGA | B67: Speciális h szegő profil | E67: 235426 | F67: TB54026 | G67: Zárt-dobozos és hűtős profilok | H67: Zárt-dobozos és hűtős profilok | I67: Quadris Excel | J67: 0 | K67: 0 | L67: nincs | M67: =IF(AND(J67>0,K67>0),"Rendben",IF(AND(J67=0,K67=0),"Nincs kép és adat",IF(J67=0,"Nincs kép","Nincs adat"))) | N67: Igen | O67: Bodega Bordwände katalógus 2010 (PDF); bodega.it oldaltérkép | P67: Nem találtuk: Bodega Bordwände katalógus 2010 (PDF); bodega.it oldaltérkép | R67: https://website-9ib.pages.dev/termek/235426-specialis-h-szego-profil/ | S67: 235426-specialis-h-szego-profil
A68: Car-Alu | B68: M1 001 "C"sín - alumínium | F68: 1172 340-000 | G68: Gumi- és kéderprofilok | H68: Egyéb kéder- és tömítőgumik | I68: Quadris Excel | J68: 0 | K68: 0 | L68: nincs | M68: =IF(AND(J68>0,K68>0),"Rendben",IF(AND(J68=0,K68=0),"Nincs kép és adat",IF(J68=0,"Nincs kép","Nincs adat"))) | N68: Igen | O68: caralushop.nl webshop | P68: Nem találtuk: caralushop.nl webshop | R68: https://website-9ib.pages.dev/termek/m1-001-c-sin-aluminium/ | S68: m1-001-c-sin-aluminium
A69: Car-Alu | B69: H toldó - szegő profil elox | E69: 221746 | F69: 1320 090-011 | G69: Platós és ponyvás oldalfal profilok és szegők | H69: Szegő profilok | I69: Quadris Excel | J69: 0 | K69: 0 | L69: nincs | M69: =IF(AND(J69>0,K69>0),"Rendben",IF(AND(J69=0,K69=0),"Nincs kép és adat",IF(J69=0,"Nincs kép","Nincs adat"))) | N69: Igen | O69: caralushop.nl webshop | P69: Nem találtuk: caralushop.nl webshop | R69: https://website-9ib.pages.dev/termek/221746-h-toldo-szego-profil-elox/ | S69: 221746-h-toldo-szego-profil-elox
A70: Car-Alu | B70: Műanyag lépcsőnyitó - kicsi | E70: 092901 | G70: Speciális felépítmény alkatrészek | H70: Egyéb | I70: Quadris Excel | J70: 0 | K70: 0 | L70: nincs | M70: =IF(AND(J70>0,K70>0),"Rendben",IF(AND(J70=0,K70=0),"Nincs kép és adat",IF(J70=0,"Nincs kép","Nincs adat"))) | N70: Igen | O70: caralushop.nl webshop | P70: Nem találtuk: caralushop.nl webshop | R70: https://website-9ib.pages.dev/termek/092901-muanyag-lepcsonyito-kicsi/ | S70: 092901-muanyag-lepcsonyito-kicsi
A71: Car-Alu | B71: Zár ellendarab ívelt lemez | E71: 617280 | F71: 7280 112-000 | G71: Speciális felépítmény alkatrészek | H71: Zárak | I71: Quadris Excel | J71: 0 | K71: 0 | L71: nincs | M71: =IF(AND(J71>0,K71>0),"Rendben",IF(AND(J71=0,K71=0),"Nincs kép és adat",IF(J71=0,"Nincs kép","Nincs adat"))) | N71: Igen | O71: caralushop.nl webshop | P71: Nem találtuk: caralushop.nl webshop | R71: https://website-9ib.pages.dev/termek/617280-zar-ellendarab-ivelt-lemez/ | S71: 617280-zar-ellendarab-ivelt-lemez
A72: Car-Alu | B72: B front tömítéses "u" ajtószegő 25 mm elox | E72: 231729 | F72: 1317 290-011 | G72: Zárt-dobozos és hűtős profilok | H72: Zárt-dobozos és hűtős profilok | I72: Quadris Excel | J72: 0 | K72: 0 | L72: nincs | M72: =IF(AND(J72>0,K72>0),"Rendben",IF(AND(J72=0,K72=0),"Nincs kép és adat",IF(J72=0,"Nincs kép","Nincs adat"))) | N72: Igen | O72: caralushop.nl webshop | P72: Nem találtuk: caralushop.nl webshop | R72: https://website-9ib.pages.dev/termek/231729-b-front-tomiteses-u-ajtoszego-25-mm-elox/ | S72: 231729-b-front-tomiteses-u-ajtoszego-25-mm-elox
A73: Car-Alu | B73: Dobozos keretprofil ívelt elox | E73: 235215 | F73: 1305 215-011 | G73: Zárt-dobozos és hűtős profilok | H73: Zárt-dobozos és hűtős profilok | I73: Quadris Excel | J73: 0 | K73: 0 | L73: nincs | M73: =IF(AND(J73>0,K73>0),"Rendben",IF(AND(J73=0,K73=0),"Nincs kép és adat",IF(J73=0,"Nincs kép","Nincs adat"))) | N73: Igen | O73: caralushop.nl webshop | P73: Nem találtuk: caralushop.nl webshop | R73: https://website-9ib.pages.dev/termek/235215-dobozos-keretprofil-ivelt-elox/ | S73: 235215-dobozos-keretprofil-ivelt-elox
A74: Car-Alu | B74: Dobozos Íves alsó keretprofil elox 25 mm panelhez | E74: 233901 | F74: 139001 | G74: Zárt-dobozos és hűtős profilok | H74: Zárt-dobozos és hűtős profilok | I74: Quadris Excel | J74: 0 | K74: 0 | L74: nincs | M74: =IF(AND(J74>0,K74>0),"Rendben",IF(AND(J74=0,K74=0),"Nincs kép és adat",IF(J74=0,"Nincs kép","Nincs adat"))) | N74: Igen | O74: caralushop.nl webshop | P74: Nem találtuk: caralushop.nl webshop | R74: https://website-9ib.pages.dev/termek/233901-dobozos-ives-also-keretprofil-elox-25-mm-panelhez/ | S74: 233901-dobozos-ives-also-keretprofil-elox-25-mm-panelhez
A75: Cargoframes Czech | B75: Dugó perforált acél kerethez | E75: 100001 | F75: ZAS0000001 | G75: Ponyvarendszer kiegészítők | H75: Ponyvatartó alkatrészek | I75: Quadris Excel | J75: 0 | K75: 0 | L75: nincs | M75: =IF(AND(J75>0,K75>0),"Rendben",IF(AND(J75=0,K75=0),"Nincs kép és adat",IF(J75=0,"Nincs kép","Nincs adat"))) | N75: Igen | O75: cargoframes.eu oldaltérkép; Cargo Frames profilrajzok és műszaki lista (Quadris e-mail) | P75: Nem találtuk: cargoframes.eu oldaltérkép; Cargo Frames profilrajzok és műszaki lista (Quadris e-mail) | R75: https://website-9ib.pages.dev/termek/100001-dugo-perforalt-acel-kerethez/ | S75: 100001-dugo-perforalt-acel-kerethez
A76: Cimaplast | B76: 0157GR PVC Saroktakaró csík, szürke | G76: Dobozos felépítmény alkatrészek | H76: Tömítések | I76: Quadris Excel | J76: 0 | K76: 0 | L76: nincs | M76: =IF(AND(J76>0,K76>0),"Rendben",IF(AND(J76=0,K76=0),"Nincs kép és adat",IF(J76=0,"Nincs kép","Nincs adat"))) | N76: Igen | O76: cimaplast.it kategóriaoldalak | P76: Nem találtuk: cimaplast.it kategóriaoldalak | R76: https://website-9ib.pages.dev/termek/0157gr-pvc-saroktakaro-csik-szurke/ | S76: 0157gr-pvc-saroktakaro-csik-szurke
A77: Cimaplast | B77: 55 mm-es PVC tömítés N/N | E77: 515727 | F77: 570C | G77: Dobozos felépítmény alkatrészek | H77: Tömítések | I77: Quadris Excel | J77: 0 | K77: 0 | L77: nincs | M77: =IF(AND(J77>0,K77>0),"Rendben",IF(AND(J77=0,K77=0),"Nincs kép és adat",IF(J77=0,"Nincs kép","Nincs adat"))) | N77: Igen | O77: cimaplast.it kategóriaoldalak | P77: Nem találtuk: cimaplast.it kategóriaoldalak | R77: https://website-9ib.pages.dev/termek/515727-55-mm-es-pvc-tomites-n-n/ | S77: 515727-55-mm-es-pvc-tomites-n-n
A78: Cimaplast | B78: 65 mm-es PVC tömítés G | E78: 516550 | F78: 016527 | G78: Dobozos felépítmény alkatrészek | H78: Tömítések | I78: Quadris Excel | J78: 0 | K78: 0 | L78: nincs | M78: =IF(AND(J78>0,K78>0),"Rendben",IF(AND(J78=0,K78=0),"Nincs kép és adat",IF(J78=0,"Nincs kép","Nincs adat"))) | N78: Igen | O78: cimaplast.it kategóriaoldalak | P78: Nem találtuk: cimaplast.it kategóriaoldalak | R78: https://website-9ib.pages.dev/termek/516550-65-mm-es-pvc-tomites-g/ | S78: 516550-65-mm-es-pvc-tomites-g
A79: Cimaplast | B79: E87370 Edscha takaró gumi COMPACT 110 | F79: 4038087370 | G79: Elhúzható rolóponyvás rendszer | H79: Edscha | I79: Quadris Excel | J79: 0 | K79: 0 | L79: nincs | M79: =IF(AND(J79>0,K79>0),"Rendben",IF(AND(J79=0,K79=0),"Nincs kép és adat",IF(J79=0,"Nincs kép","Nincs adat"))) | N79: Igen | O79: cimaplast.it kategóriaoldalak | P79: Nem találtuk: cimaplast.it kategóriaoldalak | R79: https://website-9ib.pages.dev/termek/e87370-edscha-takaro-gumi-compact-110/ | S79: e87370-edscha-takaro-gumi-compact-110
A80: CNT conta | B80: 55 mm CC TÖMÍTÉS L: 2850 mm | E80: 532200 | F80: 9.D08.32200.010001 | G80: Dobozos felépítmény alkatrészek | H80: Tömítések | I80: Quadris Excel | J80: 0 | K80: 0 | L80: nincs | M80: =IF(AND(J80>0,K80>0),"Rendben",IF(AND(J80=0,K80=0),"Nincs kép és adat",IF(J80=0,"Nincs kép","Nincs adat"))) | N80: Nem | O80: – | P80: Nem kerestük – nincs ismert weboldal vagy katalógus | R80: https://website-9ib.pages.dev/termek/532200-55-mm-cc-tomites-l-2850-mm/ | S80: 532200-55-mm-cc-tomites-l-2850-mm
A81: CNT conta | B81: 55 mm CENTER profil L: 2850 mm | E81: 532231 | F81: 9.D08.32231.010001 | G81: Dobozos felépítmény alkatrészek | H81: Tömítések | I81: Quadris Excel | J81: 0 | K81: 0 | L81: nincs | M81: =IF(AND(J81>0,K81>0),"Rendben",IF(AND(J81=0,K81=0),"Nincs kép és adat",IF(J81=0,"Nincs kép","Nincs adat"))) | N81: Nem | O81: – | P81: Nem kerestük – nincs ismert weboldal vagy katalógus | R81: https://website-9ib.pages.dev/termek/532231-55-mm-center-profil-l-2850-mm/ | S81: 532231-55-mm-center-profil-l-2850-mm
A82: CNT conta | B82: 85 mm CC TÖMÍTÉS L: 2850 mm | E82: 532941 | F82: 9.D08.32941.010001 | G82: Dobozos felépítmény alkatrészek | H82: Tömítések | I82: Quadris Excel | J82: 0 | K82: 0 | L82: nincs | M82: =IF(AND(J82>0,K82>0),"Rendben",IF(AND(J82=0,K82=0),"Nincs kép és adat",IF(J82=0,"Nincs kép","Nincs adat"))) | N82: Nem | O82: – | P82: Nem kerestük – nincs ismert weboldal vagy katalógus | R82: https://website-9ib.pages.dev/termek/532941-85-mm-cc-tomites-l-2850-mm/ | S82: 532941-85-mm-cc-tomites-l-2850-mm
A83: CNT conta | B83: 85 mm CENTER profil L: 2850 mm | E83: 532925 | F83: 9.D08.32925.010001 | G83: Dobozos felépítmény alkatrészek | H83: Tömítések | I83: Quadris Excel | J83: 0 | K83: 0 | L83: nincs | M83: =IF(AND(J83>0,K83>0),"Rendben",IF(AND(J83=0,K83=0),"Nincs kép és adat",IF(J83=0,"Nincs kép","Nincs adat"))) | N83: Nem | O83: – | P83: Nem kerestük – nincs ismert weboldal vagy katalógus | R83: https://website-9ib.pages.dev/termek/532925-85-mm-center-profil-l-2850-mm/ | S83: 532925-85-mm-center-profil-l-2850-mm
A84: Constellium Decin | B84: "I" 70 Kereszttartó | E84: 202387 | F84: 12387 | G84: Alumínium alváz profilok | H84: Kereszttartók | I84: Quadris Excel | J84: 0 | K84: 0 | L84: nincs | M84: =IF(AND(J84>0,K84>0),"Rendben",IF(AND(J84=0,K84=0),"Nincs kép és adat",IF(J84=0,"Nincs kép","Nincs adat"))) | N84: Igen | O84: alu-sv.com (a kód utolsó számjegyei); Ital Accessori katalógus; Drive: CONSTELLIUM DECIN Excel – nem letölthető (>10 MB) | P84: Nem találtuk: alu-sv.com (a kód utolsó számjegyei); Ital Accessori katalógus; Drive: CONSTELLIUM DECIN Excel – nem letölthető (>10 MB) | R84: https://website-9ib.pages.dev/termek/202387-i-70-kereszttarto/ | S84: 202387-i-70-kereszttarto
A85: Constellium Decin | B85: "I" 90 csavarozható kereszttartó | E85: 2073902 | F85: 10902 | G85: Alumínium alváz profilok | H85: Kereszttartók | I85: Quadris Excel | J85: 0 | K85: 0 | L85: nincs | M85: =IF(AND(J85>0,K85>0),"Rendben",IF(AND(J85=0,K85=0),"Nincs kép és adat",IF(J85=0,"Nincs kép","Nincs adat"))) | N85: Igen | O85: alu-sv.com (a kód utolsó számjegyei); Ital Accessori katalógus; Drive: CONSTELLIUM DECIN Excel – nem letölthető (>10 MB) | P85: Nem találtuk: alu-sv.com (a kód utolsó számjegyei); Ital Accessori katalógus; Drive: CONSTELLIUM DECIN Excel – nem letölthető (>10 MB) | R85: https://website-9ib.pages.dev/termek/2073902-i-90-csavarozhato-kereszttarto/ | S85: 2073902-i-90-csavarozhato-kereszttarto
A86: Constellium Decin | B86: "U" 130 Hossztartó | E86: 202386 | F86: 12386 | G86: Alumínium alváz profilok | H86: Hossztartók | I86: Quadris Excel | J86: 0 | K86: 0 | L86: nincs | M86: =IF(AND(J86>0,K86>0),"Rendben",IF(AND(J86=0,K86=0),"Nincs kép és adat",IF(J86=0,"Nincs kép","Nincs adat"))) | N86: Igen | O86: alu-sv.com (a kód utolsó számjegyei); Ital Accessori katalógus; Drive: CONSTELLIUM DECIN Excel – nem letölthető (>10 MB) | P86: Nem találtuk: alu-sv.com (a kód utolsó számjegyei); Ital Accessori katalógus; Drive: CONSTELLIUM DECIN Excel – nem letölthető (>10 MB) – A Quadris kérésére most kihagyva (csak a Decin Excelben van rajz). | R86: https://website-9ib.pages.dev/termek/202386-u-130-hossztarto/ | S86: 202386-u-130-hossztarto
A87: Constellium Decin | B87: 15/70 mm Keretprofil elox CD | E87: 202388 | F87: 12388 | G87: Alumínium alváz profilok | H87: Keret profilok | I87: Quadris Excel | J87: 0 | K87: 0 | L87: nincs | M87: =IF(AND(J87>0,K87>0),"Rendben",IF(AND(J87=0,K87=0),"Nincs kép és adat",IF(J87=0,"Nincs kép","Nincs adat"))) | N87: Igen | O87: alu-sv.com (a kód utolsó számjegyei); Ital Accessori katalógus; Drive: CONSTELLIUM DECIN Excel – nem letölthető (>10 MB) | P87: Nem találtuk: alu-sv.com (a kód utolsó számjegyei); Ital Accessori katalógus; Drive: CONSTELLIUM DECIN Excel – nem letölthető (>10 MB) | R87: https://website-9ib.pages.dev/termek/202388-15-70-mm-keretprofil-elox-cd/ | S87: 202388-15-70-mm-keretprofil-elox-cd
A88: Constellium Decin | B88: 18 mm Keretprofil erősített elox | E88: 2018652 | F88: 8652 | G88: Alumínium alváz profilok | H88: Keret profilok | I88: Quadris Excel | J88: 0 | K88: 0 | L88: nincs | M88: =IF(AND(J88>0,K88>0),"Rendben",IF(AND(J88=0,K88=0),"Nincs kép és adat",IF(J88=0,"Nincs kép","Nincs adat"))) | N88: Igen | O88: alu-sv.com (a kód utolsó számjegyei); Ital Accessori katalógus; Drive: CONSTELLIUM DECIN Excel – nem letölthető (>10 MB) | P88: Nem találtuk: alu-sv.com (a kód utolsó számjegyei); Ital Accessori katalógus; Drive: CONSTELLIUM DECIN Excel – nem letölthető (>10 MB) | R88: https://website-9ib.pages.dev/termek/2018652-18-mm-keretprofil-erositett-elox/ | S88: 2018652-18-mm-keretprofil-erositett-elox
A89: Constellium Decin | B89: CD 100x30 mm Aláfutásgátló elox profil | E89: 206941 | F89: 6941 | G89: Alumínium alváz profilok | H89: Aláfutásgátló profilok | I89: Quadris Excel | J89: 0 | K89: 0 | L89: nincs | M89: =IF(AND(J89>0,K89>0),"Rendben",IF(AND(J89=0,K89=0),"Nincs kép és adat",IF(J89=0,"Nincs kép","Nincs adat"))) | N89: Igen | O89: alu-sv.com (a kód utolsó számjegyei); Ital Accessori katalógus; Drive: CONSTELLIUM DECIN Excel – nem letölthető (>10 MB) | P89: Nem találtuk: alu-sv.com (a kód utolsó számjegyei); Ital Accessori katalógus; Drive: CONSTELLIUM DECIN Excel – nem letölthető (>10 MB) | R89: https://website-9ib.pages.dev/termek/206941-cd-100x30-mm-alafutasgatlo-elox-profil/ | S89: 206941-cd-100x30-mm-alafutasgatlo-elox-profil
A90: Constellium Decin | B90: CD2 100x30 mm Aláfutásgátló elox profil | E90: 208477 | F90: 8477 | G90: Alumínium alváz profilok | H90: Aláfutásgátló profilok | I90: Quadris Excel | J90: 0 | K90: 0 | L90: nincs | M90: =IF(AND(J90>0,K90>0),"Rendben",IF(AND(J90=0,K90=0),"Nincs kép és adat",IF(J90=0,"Nincs kép","Nincs adat"))) | N90: Igen | O90: alu-sv.com (a kód utolsó számjegyei); Ital Accessori katalógus; Drive: CONSTELLIUM DECIN Excel – nem letölthető (>10 MB) | P90: Nem találtuk: alu-sv.com (a kód utolsó számjegyei); Ital Accessori katalógus; Drive: CONSTELLIUM DECIN Excel – nem letölthető (>10 MB) | R90: https://website-9ib.pages.dev/termek/208477-cd2-100x30-mm-alafutasgatlo-elox-profil/ | S90: 208477-cd2-100x30-mm-alafutasgatlo-elox-profil
A91: Constellium Decin | B91: Hossztartó, talpas 140/6 magas,120/10; 60/8 mm | E91: 208755 | F91: 8755 | G91: Alumínium alváz profilok | H91: Hossztartók | I91: Quadris Excel | J91: 0 | K91: 0 | L91: nincs | M91: =IF(AND(J91>0,K91>0),"Rendben",IF(AND(J91=0,K91=0),"Nincs kép és adat",IF(J91=0,"Nincs kép","Nincs adat"))) | N91: Igen | O91: alu-sv.com (a kód utolsó számjegyei); Ital Accessori katalógus; Drive: CONSTELLIUM DECIN Excel – nem letölthető (>10 MB) | P91: Nem találtuk: alu-sv.com (a kód utolsó számjegyei); Ital Accessori katalógus; Drive: CONSTELLIUM DECIN Excel – nem letölthető (>10 MB) | R91: https://website-9ib.pages.dev/termek/208755-hossztarto-talpas-140-6-magas-120-10-60-8-mm/ | S91: 208755-hossztarto-talpas-140-6-magas-120-10-60-8-mm
... A99: Constellium Decin | B99: "h" Ajtószegő 30 mm D | E99: 237847/n | F99: 7847 | G99: Zárt-dobozos és hűtős profilok | H99: Zárt-dobozos és hűtős profilok | I99: Quadris Excel | J99: 0 | K99: 0 | L99: nincs | M99: =IF(AND(J99>0,K99>0),"Rendben",IF(AND(J99=0,K99=0),"Nincs kép és adat",IF(J99=0,"Nincs kép","Nincs adat"))) | N99: Igen | O99: alu-sv.com (a kód utolsó számjegyei); Ital Accessori katalógus; Drive: CONSTELLIUM DECIN Excel – nem letölthető (>10 MB) | P99: Nem találtuk: alu-sv.com (a kód utolsó számjegyei); Ital Accessori katalógus; Drive: CONSTELLIUM DECIN Excel – nem letölthető (>10 MB) | R99: https://website-9ib.pages.dev/termek/237847-n-h-ajtoszego-30-mm-d/ | S99: 237847-n-h-ajtoszego-30-mm-d
A100: Constellium Decin | B100: Dobozos keret elox 134/80 | E100: 231543 | G100: Zárt-dobozos és hűtős profilok | H100: Zárt-dobozos és hűtős profilok | I100: Quadris Excel | J100: 0 | K100: 0 | L100: nincs | M100: =IF(AND(J100>0,K100>0),"Rendben",IF(AND(J100=0,K100=0),"Nincs kép és adat",IF(J100=0,"Nincs kép","Nincs adat"))) | N100: Igen | O100: alu-sv.com (a kód utolsó számjegyei); Ital Accessori katalógus; Drive: CONSTELLIUM DECIN Excel – nem letölthető (>10 MB) | P100: Nem találtuk: alu-sv.com (a kód utolsó számjegyei); Ital Accessori katalógus; Drive: CONSTELLIUM DECIN Excel – nem letölthető (>10 MB) | R100: https://website-9ib.pages.dev/termek/231543-dobozos-keret-elox-134-80/ | S100: 231543-dobozos-keret-elox-134-80
A101: Constellium Decin | B101: Hűtős keretprofil nyitott elox | E101: 237971 | G101: Zárt-dobozos és hűtős profilok | H101: Zárt-dobozos és hűtős profilok | I101: Quadris Excel | J101: 0 | K101: 0 | L101: nincs | M101: =IF(AND(J101>0,K101>0),"Rendben",IF(AND(J101=0,K101=0),"Nincs kép és adat",IF(J101=0,"Nincs kép","Nincs adat"))) | N101: Igen | O101: alu-sv.com (a kód utolsó számjegyei); Ital Accessori katalógus; Drive: CONSTELLIUM DECIN Excel – nem letölthető (>10 MB) | P101: Nem találtuk: alu-sv.com (a kód utolsó számjegyei); Ital Accessori katalógus; Drive: CONSTELLIUM DECIN Excel – nem letölthető (>10 MB) | R101: https://website-9ib.pages.dev/termek/237971-hutos-keretprofil-nyitott-elox/ | S101: 237971-hutos-keretprofil-nyitott-elox
A102: Constellium Decin | B102: Tömítéses ajtószegő 30 mm D | E102: 237846/n | F102: 7846 | G102: Zárt-dobozos és hűtős profilok | H102: Zárt-dobozos és hűtős profilok | I102: Quadris Excel | J102: 0 | K102: 0 | L102: nincs | M102: =IF(AND(J102>0,K102>0),"Rendben",IF(AND(J102=0,K102=0),"Nincs kép és adat",IF(J102=0,"Nincs kép","Nincs adat"))) | N102: Igen | O102: alu-sv.com (a kód utolsó számjegyei); Ital Accessori katalógus; Drive: CONSTELLIUM DECIN Excel – nem letölthető (>10 MB) | P102: Nem találtuk: alu-sv.com (a kód utolsó számjegyei); Ital Accessori katalógus; Drive: CONSTELLIUM DECIN Excel – nem letölthető (>10 MB) | R102: https://website-9ib.pages.dev/termek/237846-n-tomiteses-ajtoszego-30-mm-d/ | S102: 237846-n-tomiteses-ajtoszego-30-mm-d
A103: D.LaPorte | B103: "B" Oldalajtó zárszerkezet FEKETE | E103: 614603 | F103: 2141199DR | G103: Speciális felépítmény alkatrészek | H103: Zárak | I103: Quadris Excel | J103: 0 | K103: 0 | L103: nincs | M103: =IF(AND(J103>0,K103>0),"Rendben",IF(AND(J103=0,K103=0),"Nincs kép és adat",IF(J103=0,"Nincs kép","Nincs adat"))) | N103: Nem | O103: – | P103: Nem kerestük – nincs ismert weboldal vagy katalógus | R103: https://website-9ib.pages.dev/termek/614603-b-oldalajto-zarszerkezet-fekete/ | S103: 614603-b-oldalajto-zarszerkezet-fekete
A104: D.LaPorte | B104: "J" Oldalajtó zárszerkezet | E104: 614602 | F104: 61.4600.0002 | G104: Speciális felépítmény alkatrészek | H104: Zárak | I104: Quadris Excel | J104: 0 | K104: 0 | L104: nincs | M104: =IF(AND(J104>0,K104>0),"Rendben",IF(AND(J104=0,K104=0),"Nincs kép és adat",IF(J104=0,"Nincs kép","Nincs adat"))) | N104: Nem | O104: – | P104: Nem kerestük – nincs ismert weboldal vagy katalógus | R104: https://website-9ib.pages.dev/termek/614602-j-oldalajto-zarszerkezet/ | S104: 614602-j-oldalajto-zarszerkezet
A105: D.LaPorte | B105: Belsőzárszerk. oldalajtóhoz 500 mm kar "B" | E105: 615003 | F105: 61.5101.0003 | G105: Speciális felépítmény alkatrészek | H105: Zárak | I105: Quadris Excel | J105: 0 | K105: 0 | L105: nincs | M105: =IF(AND(J105>0,K105>0),"Rendben",IF(AND(J105=0,K105=0),"Nincs kép és adat",IF(J105=0,"Nincs kép","Nincs adat"))) | N105: Nem | O105: – | P105: Nem kerestük – nincs ismert weboldal vagy katalógus | R105: https://website-9ib.pages.dev/termek/615003-belsozarszerk-oldalajtohoz-500-mm-kar-b/ | S105: 615003-belsozarszerk-oldalajtohoz-500-mm-kar-b
A106: D.LaPorte | B106: Kulcs+zárbetét | E106: 700020 | F106: 44.0113.8704 | G106: Speciális felépítmény alkatrészek | H106: Zárak | I106: Quadris Excel | J106: 0 | K106: 0 | L106: nincs | M106: =IF(AND(J106>0,K106>0),"Rendben",IF(AND(J106=0,K106=0),"Nincs kép és adat",IF(J106=0,"Nincs kép","Nincs adat"))) | N106: Nem | O106: – | P106: Nem kerestük – nincs ismert weboldal vagy katalógus | R106: https://website-9ib.pages.dev/termek/700020-kulcs-zarbetet/ | S106: 700020-kulcs-zarbetet
A107: D.LaPorte | B107: Külső oldalajtó kilincs | E107: 615102 | F107: 53.4560.0004 | G107: Speciális felépítmény alkatrészek | H107: Zárak | I107: Quadris Excel | J107: 0 | K107: 0 | L107: nincs | M107: =IF(AND(J107>0,K107>0),"Rendben",IF(AND(J107=0,K107=0),"Nincs kép és adat",IF(J107=0,"Nincs kép","Nincs adat"))) | N107: Nem | O107: – | P107: Nem kerestük – nincs ismert weboldal vagy katalógus | R107: https://website-9ib.pages.dev/termek/615102-kulso-oldalajto-kilincs/ | S107: 615102-kulso-oldalajto-kilincs
A108: D.LaPorte | B108: Ládaajtózár zárt | E108: 700021 | F108: 58.4713.0201 | G108: Speciális felépítmény alkatrészek | H108: Zárak | I108: Quadris Excel | J108: 0 | K108: 0 | L108: nincs | M108: =IF(AND(J108>0,K108>0),"Rendben",IF(AND(J108=0,K108=0),"Nincs kép és adat",IF(J108=0,"Nincs kép","Nincs adat"))) | N108: Nem | O108: – | P108: Nem kerestük – nincs ismert weboldal vagy katalógus | R108: https://website-9ib.pages.dev/termek/700021-ladaajtozar-zart/ | S108: 700021-ladaajtozar-zart
...
